rt,responses,trial_type,time_elapsed,sequence,stimulus,graphorder,button_pressed,imgL_ID,imgR_ID,linedress,linedressed,detour_trial,condition,response,problems,smooth,distraction,strategies,easier,similar,comments
6607.5,{worker_id:3007},id_enter,6610,interleaved,id_enter,GW/dustpan.jpg; GW/hat.jpg; GW/paint.jpg; GW/basket.jpg; GW/globe.jpg; GW/camera.jpg; GW/soldier.jpg; GW/snail.jpg; GW/wheelchair.jpg; GW/gong.jpg; GW/jukebox.jpg; GW/teeth.jpg; GW/barrel.jpg,,,,,,,,,,,,,,,
4007.2999992370605,,fullscreen,10622,,fullscreen,,0,,,,,,,,,,,,,,
,,Goal Directed Planning,51240,,GDP-0,,,gong,barrel,,undefinedimgLdrag04:[x1:74.20001220703125 x2:570.5999908447266 y1:210 y2:167.78753662109375]drag04imgR:[x1:570.5999908447266 x2:1074.2000274658203 y1:167.78750610351562 y2:210.00003051757812],false,Five Edge Diff,,,,,,,,
10370.400000572205,,intro_1,61622,,instruct,,0,,,,,,,,,,,,,,
1534.3000001907349,,intro_2,63159,,instruct,,1,,,,,,,Next,,,,,,,
982.6999998092651,,intro_3,64145,,instruct,,1,,,,,,,Next,,,,,,,
,,Graph Reconstruction,93726,,,,,,,,undefineddrag11drag02:[x1:815.6000213623047 x2:183.58750915527344 y1:112.38751220703125 y2:174.1875]drag13drag07:[x1:303.59999084472656 x2:431.6000213623047 y1:271.3999938964844 y2:377.3999938964844]drag08drag13:[x1:347.59999084472656 x2:303.59999084472656 y1:109.38751220703125 y2:271.3999938964844]drag09drag03:[x1:528.6000213623047 x2:487.6000213623047 y1:72.38749694824219 y2:201.1875]drag08drag04:[x1:347.59999084472656 x2:627.6000213623047 y1:109.38751220703125 y2:196.1875]drag02drag05:[x1:183.58750915527344 x2:288.59999084472656 y1:174.1875 y2:528.1999816894531]drag05drag04:[x1:288.59999084472656 x2:627.6000213623047 y1:528.1999816894531 y2:196.1875]drag04drag11:[x1:627.6000213623047 x2:815.6000213623047 y1:196.1875 y2:112.38751220703125]drag04drag01:[x1:627.6000213623047 x2:774.6000213623047 y1:196.1875 y2:278.3999938964844]drag03drag06:[x1:487.6000213623047 x2:655.6000213623047 y1:201.1875 y2:422.1875305175781]drag06drag10:[x1:655.6000213623047 x2:808.6000213623047 y1:422.1875305175781 y2:404.1875305175781]drag01drag12:[x1:774.6000213623047 x2:924.6000213623047 y1:278.3999938964844 y2:349.1875],,,,,,,,,,
,,survey,95801,,survey-questions,,,,,,,,,,,0,,,,,
